date, util_total, util_vuln_total, util_non_vuln_total, non_util_total, non_util_vuln_total, non_util_non_vuln_total,     util_total_calls, util_vuln_total_calls, util_non_vuln_total_calls, non_util_total_calls, non_util_vuln_total_calls, non_util_non_vuln_total_calls,     util_total_callers, util_vuln_total_callers, util_non_vuln_total_callers, non_util_total_callers, non_util_vuln_total_callers, non_util_non_vuln_total_callers,     average_callers_util, average_calls_util, average_callers_util_vuln, average_calls_util_vuln, average_callers_util_non_vuln, average_calls_util_non_vuln,     average_callers_non_util, average_calls_non_util, average_callers_non_util_vuln, average_calls_non_util_vuln, average_callers_non_util_non_vuln, average_calls_non_util_non_vuln
2005-04-26, 0, 0, 0, 4, 0, 4, 0, 0, 0, 5, 0, 5, 0, 0, 0, 5, 0, 5, 0, 0, 0, 0, 0, 0, 1.25, 1.25, 0, 0, 1.25, 1.25
2005-06-05, 4, 0, 4, 273, 0, 273, 152, 0, 152, 3641, 0, 3641, 325, 0, 325, 3468, 0, 3468, 81.25, 38.0, 0, 0, 81.25, 38.0, 12.703296703296703, 13.336996336996338, 0, 0, 12.703296703296703, 13.336996336996338
2005-07-05, 4, 0, 4, 279, 0, 279, 162, 0, 162, 4280, 0, 4280, 343, 0, 343, 4099, 0, 4099, 85.75, 40.5, 0, 0, 85.75, 40.5, 14.691756272401435, 15.340501792114695, 0, 0, 14.691756272401435, 15.340501792114695
2005-08-04, 4, 0, 4, 286, 0, 286, 150, 0, 150, 4622, 0, 4622, 347, 0, 347, 4425, 0, 4425, 86.75, 37.5, 0, 0, 86.75, 37.5, 15.472027972027972, 16.16083916083916, 0, 0, 15.472027972027972, 16.16083916083916
2005-09-06, 8, 0, 8, 291, 0, 291, 238, 0, 238, 4980, 0, 4980, 451, 0, 451, 4767, 0, 4767, 56.375, 29.75, 0, 0, 56.375, 29.75, 16.38144329896907, 17.11340206185567, 0, 0, 16.38144329896907, 17.11340206185567
2005-10-11, 8, 0, 8, 282, 0, 282, 236, 0, 236, 4767, 0, 4767, 450, 0, 450, 4553, 0, 4553, 56.25, 29.5, 0, 0, 56.25, 29.5, 16.145390070921987, 16.904255319148938, 0, 0, 16.145390070921987, 16.904255319148938
2005-11-10, 7, 0, 7, 86, 0, 86, 84, 0, 84, 1645, 0, 1645, 355, 0, 355, 1374, 0, 1374, 50.714285714285715, 12.0, 0, 0, 50.714285714285715, 12.0, 15.976744186046512, 19.127906976744185, 0, 0, 15.976744186046512, 19.127906976744185
2005-12-15, 7, 0, 7, 83, 0, 83, 87, 0, 87, 1655, 0, 1655, 363, 0, 363, 1379, 0, 1379, 51.857142857142854, 12.428571428571429, 0, 0, 51.857142857142854, 12.428571428571429, 16.6144578313253, 19.93975903614458, 0, 0, 16.6144578313253, 19.93975903614458
2006-01-16, 6, 0, 6, 77, 0, 77, 75, 0, 75, 1226, 0, 1226, 310, 0, 310, 991, 0, 991, 51.666666666666664, 12.5, 0, 0, 51.666666666666664, 12.5, 12.87012987012987, 15.922077922077921, 0, 0, 12.87012987012987, 15.922077922077921
2006-02-15, 6, 0, 6, 77, 0, 77, 74, 0, 74, 1183, 0, 1183, 310, 0, 310, 947, 0, 947, 51.666666666666664, 12.333333333333334, 0, 0, 51.666666666666664, 12.333333333333334, 12.2987012987013, 15.363636363636363, 0, 0, 12.2987012987013, 15.363636363636363
2006-03-17, 6, 0, 6, 76, 0, 76, 76, 0, 76, 1295, 0, 1295, 314, 0, 314, 1057, 0, 1057, 52.333333333333336, 12.666666666666666, 0, 0, 52.333333333333336, 12.666666666666666, 13.907894736842104, 17.039473684210527, 0, 0, 13.907894736842104, 17.039473684210527
2006-04-21, 6, 0, 6, 75, 0, 75, 76, 0, 76, 1341, 0, 1341, 294, 0, 294, 1123, 0, 1123, 49.0, 12.666666666666666, 0, 0, 49.0, 12.666666666666666, 14.973333333333333, 17.88, 0, 0, 14.973333333333333, 17.88
2006-05-23, 6, 0, 6, 78, 0, 78, 76, 0, 76, 1365, 0, 1365, 304, 0, 304, 1137, 0, 1137, 50.666666666666664, 12.666666666666666, 0, 0, 50.666666666666664, 12.666666666666666, 14.576923076923077, 17.5, 0, 0, 14.576923076923077, 17.5
2006-07-02, 5, 0, 5, 79, 0, 79, 65, 0, 65, 1430, 0, 1430, 298, 0, 298, 1197, 0, 1197, 59.6, 13.0, 0, 0, 59.6, 13.0, 15.151898734177216, 18.10126582278481, 0, 0, 15.151898734177216, 18.10126582278481
2006-08-04, 5, 0, 5, 79, 0, 79, 65, 0, 65, 1455, 0, 1455, 300, 0, 300, 1220, 0, 1220, 60.0, 13.0, 0, 0, 60.0, 13.0, 15.443037974683545, 18.417721518987342, 0, 0, 15.443037974683545, 18.417721518987342
2006-09-03, 5, 0, 5, 79, 0, 79, 66, 0, 66, 1487, 0, 1487, 305, 0, 305, 1248, 0, 1248, 61.0, 13.2, 0, 0, 61.0, 13.2, 15.79746835443038, 18.82278481012658, 0, 0, 15.79746835443038, 18.82278481012658
2006-10-08, 5, 0, 5, 80, 0, 80, 66, 0, 66, 1504, 0, 1504, 305, 0, 305, 1265, 0, 1265, 61.0, 13.2, 0, 0, 61.0, 13.2, 15.8125, 18.8, 0, 0, 15.8125, 18.8
2006-11-14, 5, 0, 5, 80, 0, 80, 66, 0, 66, 1510, 0, 1510, 305, 0, 305, 1271, 0, 1271, 61.0, 13.2, 0, 0, 61.0, 13.2, 15.8875, 18.875, 0, 0, 15.8875, 18.875
2007-01-02, 5, 0, 5, 79, 0, 79, 66, 0, 66, 1439, 0, 1439, 303, 0, 303, 1202, 0, 1202, 60.6, 13.2, 0, 0, 60.6, 13.2, 15.215189873417721, 18.21518987341772, 0, 0, 15.215189873417721, 18.21518987341772
2007-02-01, 5, 0, 5, 79, 0, 79, 66, 0, 66, 1440, 0, 1440, 303, 0, 303, 1203, 0, 1203, 60.6, 13.2, 0, 0, 60.6, 13.2, 15.227848101265822, 18.227848101265824, 0, 0, 15.227848101265822, 18.227848101265824
2007-03-03, 5, 0, 5, 79, 0, 79, 66, 0, 66, 1460, 0, 1460, 306, 0, 306, 1220, 0, 1220, 61.2, 13.2, 0, 0, 61.2, 13.2, 15.443037974683545, 18.481012658227847, 0, 0, 15.443037974683545, 18.481012658227847
2007-04-06, 5, 0, 5, 73, 0, 73, 68, 0, 68, 1455, 0, 1455, 314, 0, 314, 1209, 0, 1209, 62.8, 13.6, 0, 0, 62.8, 13.6, 16.561643835616437, 19.931506849315067, 0, 0, 16.561643835616437, 19.931506849315067
2007-05-06, 5, 0, 5, 73, 0, 73, 70, 0, 70, 1529, 0, 1529, 326, 0, 326, 1273, 0, 1273, 65.2, 14.0, 0, 0, 65.2, 14.0, 17.438356164383563, 20.945205479452056, 0, 0, 17.438356164383563, 20.945205479452056
2007-06-06, 5, 0, 5, 73, 0, 73, 80, 0, 80, 1500, 0, 1500, 336, 0, 336, 1244, 0, 1244, 67.2, 16.0, 0, 0, 67.2, 16.0, 17.041095890410958, 20.54794520547945, 0, 0, 17.041095890410958, 20.54794520547945
2007-07-08, 5, 0, 5, 73, 0, 73, 80, 0, 80, 1514, 0, 1514, 336, 0, 336, 1258, 0, 1258, 67.2, 16.0, 0, 0, 67.2, 16.0, 17.232876712328768, 20.73972602739726, 0, 0, 17.232876712328768, 20.73972602739726
2007-08-07, 4, 0, 4, 75, 0, 75, 65, 0, 65, 1572, 0, 1572, 331, 0, 331, 1306, 0, 1306, 82.75, 16.25, 0, 0, 82.75, 16.25, 17.413333333333334, 20.96, 0, 0, 17.413333333333334, 20.96
2007-09-06, 4, 0, 4, 75, 0, 75, 65, 0, 65, 1588, 0, 1588, 332, 0, 332, 1321, 0, 1321, 83.0, 16.25, 0, 0, 83.0, 16.25, 17.613333333333333, 21.173333333333332, 0, 0, 17.613333333333333, 21.173333333333332
2007-10-14, 4, 0, 4, 75, 0, 75, 65, 0, 65, 1583, 0, 1583, 332, 0, 332, 1316, 0, 1316, 83.0, 16.25, 0, 0, 83.0, 16.25, 17.546666666666667, 21.106666666666666, 0, 0, 17.546666666666667, 21.106666666666666
2007-11-13, 4, 0, 4, 75, 0, 75, 65, 0, 65, 1408, 0, 1408, 332, 0, 332, 1141, 0, 1141, 83.0, 16.25, 0, 0, 83.0, 16.25, 15.213333333333333, 18.773333333333333, 0, 0, 15.213333333333333, 18.773333333333333
2007-12-16, 4, 0, 4, 75, 0, 75, 65, 0, 65, 1411, 0, 1411, 335, 0, 335, 1141, 0, 1141, 83.75, 16.25, 0, 0, 83.75, 16.25, 15.213333333333333, 18.813333333333333, 0, 0, 15.213333333333333, 18.813333333333333
2008-01-24, 4, 0, 4, 75, 0, 75, 65, 0, 65, 1414, 0, 1414, 334, 0, 334, 1145, 0, 1145, 83.5, 16.25, 0, 0, 83.5, 16.25, 15.266666666666667, 18.85333333333333, 0, 0, 15.266666666666667, 18.85333333333333
2008-03-13, 4, 0, 4, 75, 0, 75, 65, 0, 65, 1417, 0, 1417, 334, 0, 334, 1148, 0, 1148, 83.5, 16.25, 0, 0, 83.5, 16.25, 15.306666666666667, 18.893333333333334, 0, 0, 15.306666666666667, 18.893333333333334
2008-04-14, 4, 0, 4, 75, 0, 75, 65, 0, 65, 1505, 0, 1505, 336, 0, 336, 1234, 0, 1234, 84.0, 16.25, 0, 0, 84.0, 16.25, 16.453333333333333, 20.066666666666666, 0, 0, 16.453333333333333, 20.066666666666666
2008-05-14, 4, 0, 4, 77, 0, 77, 67, 0, 67, 1524, 0, 1524, 338, 0, 338, 1253, 0, 1253, 84.5, 16.75, 0, 0, 84.5, 16.75, 16.272727272727273, 19.792207792207794, 0, 0, 16.272727272727273, 19.792207792207794
2008-06-18, 4, 0, 4, 78, 0, 78, 67, 0, 67, 1535, 0, 1535, 344, 0, 344, 1258, 0, 1258, 86.0, 16.75, 0, 0, 86.0, 16.75, 16.128205128205128, 19.67948717948718, 0, 0, 16.128205128205128, 19.67948717948718
2008-07-18, 4, 0, 4, 78, 0, 78, 67, 0, 67, 1541, 0, 1541, 346, 0, 346, 1262, 0, 1262, 86.5, 16.75, 0, 0, 86.5, 16.75, 16.17948717948718, 19.756410256410255, 0, 0, 16.17948717948718, 19.756410256410255
2008-08-22, 4, 0, 4, 65, 0, 65, 67, 0, 67, 1542, 0, 1542, 346, 0, 346, 1263, 0, 1263, 86.5, 16.75, 0, 0, 86.5, 16.75, 19.43076923076923, 23.723076923076924, 0, 0, 19.43076923076923, 23.723076923076924
2008-09-22, 4, 0, 4, 69, 0, 69, 89, 0, 89, 1890, 0, 1890, 714, 0, 714, 1265, 0, 1265, 178.5, 22.25, 0, 0, 178.5, 22.25, 18.333333333333332, 27.391304347826086, 0, 0, 18.333333333333332, 27.391304347826086
2008-10-22, 3, 0, 3, 70, 0, 70, 101, 0, 101, 2320, 0, 2320, 616, 0, 616, 1805, 0, 1805, 205.33333333333334, 33.666666666666664, 0, 0, 205.33333333333334, 33.666666666666664, 25.785714285714285, 33.142857142857146, 0, 0, 25.785714285714285, 33.142857142857146
2008-11-21, 3, 0, 3, 70, 0, 70, 107, 0, 107, 2394, 0, 2394, 668, 0, 668, 1833, 0, 1833, 222.66666666666666, 35.666666666666664, 0, 0, 222.66666666666666, 35.666666666666664, 26.185714285714287, 34.2, 0, 0, 26.185714285714287, 34.2
2008-12-21, 3, 0, 3, 70, 0, 70, 111, 0, 111, 2397, 0, 2397, 673, 0, 673, 1835, 0, 1835, 224.33333333333334, 37.0, 0, 0, 224.33333333333334, 37.0, 26.214285714285715, 34.24285714285714, 0, 0, 26.214285714285715, 34.24285714285714
2009-01-20, 3, 0, 3, 70, 0, 70, 111, 0, 111, 2431, 0, 2431, 673, 0, 673, 1869, 0, 1869, 224.33333333333334, 37.0, 0, 0, 224.33333333333334, 37.0, 26.7, 34.72857142857143, 0, 0, 26.7, 34.72857142857143
2009-02-23, 3, 0, 3, 71, 0, 71, 111, 0, 111, 2501, 0, 2501, 693, 0, 693, 1919, 0, 1919, 231.0, 37.0, 0, 0, 231.0, 37.0, 27.028169014084508, 35.225352112676056, 0, 0, 27.028169014084508, 35.225352112676056
2009-03-25, 3, 0, 3, 71, 0, 71, 111, 0, 111, 2522, 0, 2522, 692, 0, 692, 1941, 0, 1941, 230.66666666666666, 37.0, 0, 0, 230.66666666666666, 37.0, 27.338028169014084, 35.521126760563384, 0, 0, 27.338028169014084, 35.521126760563384
2009-04-24, 3, 0, 3, 71, 0, 71, 113, 0, 113, 2599, 0, 2599, 706, 0, 706, 2006, 0, 2006, 235.33333333333334, 37.666666666666664, 0, 0, 235.33333333333334, 37.666666666666664, 28.253521126760564, 36.605633802816904, 0, 0, 28.253521126760564, 36.605633802816904
2009-05-25, 2, 0, 2, 33, 0, 33, 80, 0, 80, 2298, 0, 2298, 317, 0, 317, 2061, 0, 2061, 158.5, 40.0, 0, 0, 158.5, 40.0, 62.45454545454545, 69.63636363636364, 0, 0, 62.45454545454545, 69.63636363636364
2009-06-26, 3, 0, 3, 45, 0, 45, 83, 0, 83, 2834, 0, 2834, 322, 0, 322, 2595, 0, 2595, 107.33333333333333, 27.666666666666668, 0, 0, 107.33333333333333, 27.666666666666668, 57.666666666666664, 62.977777777777774, 0, 0, 57.666666666666664, 62.977777777777774
2009-07-28, 3, 0, 3, 45, 0, 45, 83, 0, 83, 2892, 0, 2892, 327, 0, 327, 2648, 0, 2648, 109.0, 27.666666666666668, 0, 0, 109.0, 27.666666666666668, 58.84444444444444, 64.26666666666667, 0, 0, 58.84444444444444, 64.26666666666667
2009-08-27, 3, 0, 3, 45, 0, 45, 83, 0, 83, 2879, 0, 2879, 322, 0, 322, 2640, 0, 2640, 107.33333333333333, 27.666666666666668, 0, 0, 107.33333333333333, 27.666666666666668, 58.666666666666664, 63.977777777777774, 0, 0, 58.666666666666664, 63.977777777777774
2009-09-27, 3, 0, 3, 45, 0, 45, 82, 0, 82, 3015, 0, 3015, 320, 0, 320, 2777, 0, 2777, 106.66666666666667, 27.333333333333332, 0, 0, 106.66666666666667, 27.333333333333332, 61.71111111111111, 67.0, 0, 0, 61.71111111111111, 67.0
2009-10-28, 3, 0, 3, 45, 0, 45, 82, 0, 82, 3016, 0, 3016, 320, 0, 320, 2778, 0, 2778, 106.66666666666667, 27.333333333333332, 0, 0, 106.66666666666667, 27.333333333333332, 61.733333333333334, 67.02222222222223, 0, 0, 61.733333333333334, 67.02222222222223
2009-11-30, 3, 0, 3, 46, 0, 46, 81, 0, 81, 3093, 0, 3093, 314, 0, 314, 2860, 0, 2860, 104.66666666666667, 27.0, 0, 0, 104.66666666666667, 27.0, 62.17391304347826, 67.23913043478261, 0, 0, 62.17391304347826, 67.23913043478261
2009-12-30, 3, 0, 3, 47, 0, 47, 66, 0, 66, 3002, 0, 3002, 313, 0, 313, 2755, 0, 2755, 104.33333333333333, 22.0, 0, 0, 104.33333333333333, 22.0, 58.61702127659574, 63.87234042553192, 0, 0, 58.61702127659574, 63.87234042553192
2010-01-29, 2, 0, 2, 23, 0, 23, 21, 0, 21, 994, 0, 994, 24, 0, 24, 991, 0, 991, 12.0, 10.5, 0, 0, 12.0, 10.5, 43.08695652173913, 43.21739130434783, 0, 0, 43.08695652173913, 43.21739130434783
2010-03-02, 3, 0, 3, 47, 0, 47, 66, 0, 66, 3011, 0, 3011, 315, 0, 315, 2762, 0, 2762, 105.0, 22.0, 0, 0, 105.0, 22.0, 58.765957446808514, 64.06382978723404, 0, 0, 58.765957446808514, 64.06382978723404
2010-04-01, 2, 0, 2, 30, 0, 30, 40, 0, 40, 1360, 0, 1360, 41, 0, 41, 1359, 0, 1359, 20.5, 20.0, 0, 0, 20.5, 20.0, 45.3, 45.333333333333336, 0, 0, 45.3, 45.333333333333336
2010-05-01, 3, 0, 3, 46, 0, 46, 70, 0, 70, 3088, 0, 3088, 325, 0, 325, 2833, 0, 2833, 108.33333333333333, 23.333333333333332, 0, 0, 108.33333333333333, 23.333333333333332, 61.58695652173913, 67.1304347826087, 0, 0, 61.58695652173913, 67.1304347826087
2010-05-31, 3, 0, 3, 46, 0, 46, 70, 0, 70, 3119, 0, 3119, 327, 0, 327, 2862, 0, 2862, 109.0, 23.333333333333332, 0, 0, 109.0, 23.333333333333332, 62.21739130434783, 67.80434782608695, 0, 0, 62.21739130434783, 67.80434782608695
2010-06-30, 3, 0, 3, 72, 0, 72, 141, 0, 141, 2880, 0, 2880, 169, 0, 169, 2852, 0, 2852, 56.333333333333336, 47.0, 0, 0, 56.333333333333336, 47.0, 39.611111111111114, 40.0, 0, 0, 39.611111111111114, 40.0
2010-08-01, 3, 0, 3, 48, 0, 48, 70, 0, 70, 3165, 0, 3165, 327, 0, 327, 2908, 0, 2908, 109.0, 23.333333333333332, 0, 0, 109.0, 23.333333333333332, 60.583333333333336, 65.9375, 0, 0, 60.583333333333336, 65.9375
2010-08-31, 3, 0, 3, 83, 0, 83, 201, 0, 201, 3584, 0, 3584, 216, 0, 216, 3569, 0, 3569, 72.0, 67.0, 0, 0, 72.0, 67.0, 43.0, 43.18072289156626, 0, 0, 43.0, 43.18072289156626
2010-09-30, 3, 0, 3, 93, 0, 93, 216, 0, 216, 4002, 0, 4002, 232, 0, 232, 3986, 0, 3986, 77.33333333333333, 72.0, 0, 0, 77.33333333333333, 72.0, 42.86021505376344, 43.03225806451613, 0, 0, 42.86021505376344, 43.03225806451613
2010-10-30, 3, 0, 3, 103, 0, 103, 232, 0, 232, 4626, 0, 4626, 251, 0, 251, 4607, 0, 4607, 83.66666666666667, 77.33333333333333, 0, 0, 83.66666666666667, 77.33333333333333, 44.728155339805824, 44.9126213592233, 0, 0, 44.728155339805824, 44.9126213592233
2010-11-29, 3, 0, 3, 109, 0, 109, 225, 0, 225, 5018, 0, 5018, 247, 0, 247, 4996, 0, 4996, 82.33333333333333, 75.0, 0, 0, 82.33333333333333, 75.0, 45.8348623853211, 46.03669724770642, 0, 0, 45.8348623853211, 46.03669724770642
2011-01-01, 3, 0, 3, 109, 0, 109, 226, 0, 226, 5019, 0, 5019, 248, 0, 248, 4997, 0, 4997, 82.66666666666667, 75.33333333333333, 0, 0, 82.66666666666667, 75.33333333333333, 45.84403669724771, 46.04587155963303, 0, 0, 45.84403669724771, 46.04587155963303
2011-02-03, 3, 0, 3, 109, 0, 109, 228, 0, 228, 5057, 0, 5057, 250, 0, 250, 5035, 0, 5035, 83.33333333333333, 76.0, 0, 0, 83.33333333333333, 76.0, 46.19266055045872, 46.39449541284404, 0, 0, 46.19266055045872, 46.39449541284404
2011-03-05, 3, 0, 3, 50, 0, 50, 71, 0, 71, 3320, 0, 3320, 328, 0, 328, 3063, 0, 3063, 109.33333333333333, 23.666666666666668, 0, 0, 109.33333333333333, 23.666666666666668, 61.26, 66.4, 0, 0, 61.26, 66.4
2011-04-04, 3, 0, 3, 117, 0, 117, 268, 0, 268, 5727, 0, 5727, 290, 0, 290, 5705, 0, 5705, 96.66666666666667, 89.33333333333333, 0, 0, 96.66666666666667, 89.33333333333333, 48.76068376068376, 48.94871794871795, 0, 0, 48.76068376068376, 48.94871794871795
2011-05-05, 3, 0, 3, 48, 0, 48, 70, 0, 70, 3327, 0, 3327, 337, 0, 337, 3060, 0, 3060, 112.33333333333333, 23.333333333333332, 0, 0, 112.33333333333333, 23.333333333333332, 63.75, 69.3125, 0, 0, 63.75, 69.3125
2011-06-05, 3, 0, 3, 119, 0, 119, 305, 0, 305, 5894, 0, 5894, 321, 0, 321, 5878, 0, 5878, 107.0, 101.66666666666667, 0, 0, 107.0, 101.66666666666667, 49.39495798319328, 49.529411764705884, 0, 0, 49.39495798319328, 49.529411764705884
2011-07-05, 3, 0, 3, 139, 0, 139, 341, 0, 341, 6896, 0, 6896, 365, 0, 365, 6872, 0, 6872, 121.66666666666667, 113.66666666666667, 0, 0, 121.66666666666667, 113.66666666666667, 49.43884892086331, 49.611510791366904, 0, 0, 49.43884892086331, 49.611510791366904
2011-08-04, 2, 0, 2, 47, 0, 47, 67, 0, 67, 3267, 0, 3267, 335, 0, 335, 2999, 0, 2999, 167.5, 33.5, 0, 0, 167.5, 33.5, 63.808510638297875, 69.51063829787235, 0, 0, 63.808510638297875, 69.51063829787235
2011-09-03, 3, 0, 3, 148, 0, 148, 358, 0, 358, 7688, 0, 7688, 386, 0, 386, 7660, 0, 7660, 128.66666666666666, 119.33333333333333, 0, 0, 128.66666666666666, 119.33333333333333, 51.75675675675676, 51.945945945945944, 0, 0, 51.75675675675676, 51.945945945945944
2011-10-03, 2, 0, 2, 51, 0, 51, 63, 0, 63, 3135, 0, 3135, 331, 0, 331, 2867, 0, 2867, 165.5, 31.5, 0, 0, 165.5, 31.5, 56.21568627450981, 61.470588235294116, 0, 0, 56.21568627450981, 61.470588235294116
2011-11-02, 3, 0, 3, 145, 0, 145, 358, 0, 358, 7823, 0, 7823, 386, 0, 386, 7795, 0, 7795, 128.66666666666666, 119.33333333333333, 0, 0, 128.66666666666666, 119.33333333333333, 53.758620689655174, 53.95172413793104, 0, 0, 53.758620689655174, 53.95172413793104
2011-12-02, 3, 0, 3, 146, 0, 146, 358, 0, 358, 7924, 0, 7924, 386, 0, 386, 7896, 0, 7896, 128.66666666666666, 119.33333333333333, 0, 0, 128.66666666666666, 119.33333333333333, 54.082191780821915, 54.273972602739725, 0, 0, 54.082191780821915, 54.273972602739725
2012-01-01, 2, 0, 2, 49, 0, 49, 64, 0, 64, 2978, 0, 2978, 316, 0, 316, 2726, 0, 2726, 158.0, 32.0, 0, 0, 158.0, 32.0, 55.63265306122449, 60.775510204081634, 0, 0, 55.63265306122449, 60.775510204081634
2012-01-31, 4, 0, 4, 173, 1, 172, 386, 0, 386, 8136, 363, 7773, 426, 0, 426, 8096, 605, 7491, 106.5, 96.5, 0, 0, 106.5, 96.5, 46.797687861271676, 47.028901734104046, 605.0, 363.0, 43.55232558139535, 45.19186046511628
2012-03-05, 4, 0, 4, 173, 1, 172, 376, 0, 376, 8224, 363, 7861, 415, 0, 415, 8185, 611, 7574, 103.75, 94.0, 0, 0, 103.75, 94.0, 47.3121387283237, 47.53757225433526, 611.0, 363.0, 44.03488372093023, 45.70348837209303
2012-04-04, 6, 0, 6, 219, 1, 218, 444, 0, 444, 11536, 363, 11173, 734, 0, 734, 11246, 605, 10641, 122.33333333333333, 74.0, 0, 0, 122.33333333333333, 74.0, 51.35159817351598, 52.67579908675799, 605.0, 363.0, 48.81192660550459, 51.25229357798165
2012-05-04, 5, 0, 5, 265, 1, 264, 426, 0, 426, 13924, 383, 13541, 695, 0, 695, 13655, 609, 13046, 139.0, 85.2, 0, 0, 139.0, 85.2, 51.528301886792455, 52.5433962264151, 609.0, 383.0, 49.416666666666664, 51.291666666666664
2012-06-04, 6, 0, 6, 276, 1, 275, 434, 0, 434, 14914, 389, 14525, 895, 0, 895, 14453, 603, 13850, 149.16666666666666, 72.33333333333333, 0, 0, 149.16666666666666, 72.33333333333333, 52.36594202898551, 54.03623188405797, 603.0, 389.0, 50.36363636363637, 52.81818181818182
2012-07-05, 6, 0, 6, 278, 1, 277, 437, 0, 437, 14860, 390, 14470, 895, 0, 895, 14402, 603, 13799, 149.16666666666666, 72.83333333333333, 0, 0, 149.16666666666666, 72.83333333333333, 51.805755395683455, 53.45323741007194, 603.0, 390.0, 49.81588447653429, 52.238267148014444
2012-08-06, 6, 0, 6, 282, 1, 281, 454, 0, 454, 15047, 390, 14657, 920, 0, 920, 14581, 601, 13980, 153.33333333333334, 75.66666666666667, 0, 0, 153.33333333333334, 75.66666666666667, 51.705673758865245, 53.358156028368796, 601.0, 390.0, 49.7508896797153, 52.16014234875445
2012-09-05, 6, 0, 6, 293, 1, 292, 456, 0, 456, 15409, 401, 15008, 921, 0, 921, 14944, 612, 14332, 153.5, 76.0, 0, 0, 153.5, 76.0, 51.003412969283275, 52.59044368600683, 612.0, 401.0, 49.082191780821915, 51.397260273972606
2012-10-06, 7, 1, 6, 300, 10, 290, 451, 250, 201, 15715, 856, 14859, 937, 216, 721, 15229, 956, 14273, 133.85714285714286, 64.42857142857143, 216.0, 250.0, 120.16666666666667, 33.5, 50.763333333333335, 52.38333333333333, 95.6, 85.6, 49.217241379310344, 51.237931034482756
2012-11-05, 7, 1, 6, 314, 10, 304, 457, 256, 201, 17138, 866, 16272, 948, 222, 726, 16647, 965, 15682, 135.42857142857142, 65.28571428571429, 222.0, 256.0, 121.0, 33.5, 53.01592356687898, 54.5796178343949, 96.5, 86.6, 51.58552631578947, 53.526315789473685
2012-12-05, 8, 1, 7, 324, 10, 314, 473, 251, 222, 17601, 894, 16707, 1168, 215, 953, 16906, 971, 15935, 146.0, 59.125, 215.0, 251.0, 136.14285714285714, 31.714285714285715, 52.17901234567901, 54.324074074074076, 97.1, 89.4, 50.7484076433121, 53.20700636942675
2013-01-04, 8, 1, 7, 325, 10, 315, 480, 253, 227, 17690, 902, 16788, 1195, 217, 978, 16975, 977, 15998, 149.375, 60.0, 217.0, 253.0, 139.71428571428572, 32.42857142857143, 52.23076923076923, 54.43076923076923, 97.7, 90.2, 50.787301587301585, 53.2952380952381
2013-02-04, 9, 1, 8, 337, 10, 327, 492, 259, 233, 18351, 920, 17431, 1077, 224, 853, 17766, 1004, 16762, 119.66666666666667, 54.666666666666664, 224.0, 259.0, 106.625, 29.125, 52.718100890207715, 54.454005934718104, 100.4, 92.0, 51.25993883792049, 53.305810397553515
2013-03-06, 11, 1, 10, 348, 10, 338, 534, 253, 281, 19643, 956, 18687, 1129, 207, 922, 19048, 1010, 18038, 102.63636363636364, 48.54545454545455, 207.0, 253.0, 92.2, 28.1, 54.735632183908045, 56.445402298850574, 101.0, 95.6, 53.366863905325445, 55.28698224852071
2013-04-05, 11, 1, 10, 363, 10, 353, 540, 257, 283, 20728, 964, 19764, 1164, 212, 952, 20104, 1022, 19082, 105.81818181818181, 49.09090909090909, 212.0, 257.0, 95.2, 28.3, 55.382920110192835, 57.10192837465565, 102.2, 96.4, 54.05665722379604, 55.98866855524079
2013-05-06, 11, 1, 10, 368, 10, 358, 597, 253, 344, 21349, 972, 20377, 1257, 211, 1046, 20689, 1025, 19664, 114.27272727272727, 54.27272727272727, 211.0, 253.0, 104.6, 34.4, 56.22010869565217, 58.01358695652174, 102.5, 97.2, 54.927374301675975, 56.91899441340782
2013-06-05, 11, 1, 10, 370, 10, 360, 600, 253, 347, 21653, 972, 20681, 1316, 211, 1105, 20937, 1025, 19912, 119.63636363636364, 54.54545454545455, 211.0, 253.0, 110.5, 34.7, 56.586486486486486, 58.52162162162162, 102.5, 97.2, 55.31111111111111, 57.44722222222222
2013-07-05, 11, 1, 10, 382, 10, 372, 629, 255, 374, 22768, 982, 21786, 1310, 212, 1098, 22087, 1066, 21021, 119.0909090909091, 57.18181818181818, 212.0, 255.0, 109.8, 37.4, 57.81937172774869, 59.602094240837694, 106.6, 98.2, 56.50806451612903, 58.564516129032256
2013-08-04, 11, 1, 10, 381, 10, 371, 630, 256, 374, 22548, 985, 21563, 1317, 212, 1105, 21861, 1077, 20784, 119.72727272727273, 57.27272727272727, 212.0, 256.0, 110.5, 37.4, 57.37795275590551, 59.181102362204726, 107.7, 98.5, 56.02156334231806, 58.121293800539085
2013-09-04, 11, 1, 10, 387, 11, 376, 605, 230, 375, 22928, 993, 21935, 1293, 186, 1107, 22240, 1105, 21135, 117.54545454545455, 55.0, 186.0, 230.0, 110.7, 37.5, 57.46770025839793, 59.24547803617571, 100.45454545454545, 90.27272727272727, 56.21010638297872, 58.337765957446805
2013-10-04, 11, 1, 10, 392, 11, 381, 602, 226, 376, 23132, 1008, 22124, 1293, 182, 1111, 22441, 1110, 21331, 117.54545454545455, 54.72727272727273, 182.0, 226.0, 111.1, 37.6, 57.24744897959184, 59.01020408163265, 100.9090909090909, 91.63636363636364, 55.98687664041995, 58.06824146981627
2013-11-03, 17, 1, 16, 409, 11, 398, 741, 236, 505, 24657, 1058, 23599, 1416, 184, 1232, 23982, 1136, 22846, 83.29411764705883, 43.588235294117645, 184.0, 236.0, 77.0, 31.5625, 58.63569682151589, 60.28606356968215, 103.27272727272727, 96.18181818181819, 57.402010050251256, 59.29396984924623
2013-12-03, 18, 1, 17, 428, 10, 418, 796, 233, 563, 26806, 1058, 25748, 1660, 180, 1480, 25942, 1118, 24824, 92.22222222222223, 44.22222222222222, 180.0, 233.0, 87.05882352941177, 33.11764705882353, 60.61214953271028, 62.63084112149533, 111.8, 105.8, 59.38755980861244, 61.59808612440192
2014-01-02, 18, 1, 17, 441, 10, 431, 801, 234, 567, 28024, 1078, 26946, 1633, 180, 1453, 27192, 1124, 26068, 90.72222222222223, 44.5, 180.0, 234.0, 85.47058823529412, 33.35294117647059, 61.65986394557823, 63.54648526077097, 112.4, 107.8, 60.48259860788863, 62.519721577726216
2014-02-01, 18, 1, 17, 446, 10, 436, 826, 246, 580, 28367, 1081, 27286, 1683, 187, 1496, 27510, 1123, 26387, 93.5, 45.888888888888886, 187.0, 246.0, 88.0, 34.11764705882353, 61.681614349775785, 63.60313901345292, 112.3, 108.1, 60.52064220183486, 62.58256880733945
2014-03-03, 20, 1, 19, 460, 10, 450, 854, 247, 607, 29243, 1113, 28130, 1756, 188, 1568, 28341, 1165, 27176, 87.8, 42.7, 188.0, 247.0, 82.52631578947368, 31.94736842105263, 61.61086956521739, 63.571739130434786, 116.5, 111.3, 60.39111111111111, 62.51111111111111
2014-04-02, 19, 1, 18, 469, 10, 459, 883, 251, 632, 30189, 1140, 29049, 1865, 194, 1671, 29207, 1185, 28022, 98.15789473684211, 46.473684210526315, 194.0, 251.0, 92.83333333333333, 35.111111111111114, 62.27505330490405, 64.36886993603412, 118.5, 114.0, 61.050108932461875, 63.287581699346404
2014-05-02, 19, 1, 18, 467, 10, 457, 900, 252, 648, 30562, 1138, 29424, 1888, 194, 1694, 29574, 1186, 28388, 99.36842105263158, 47.36842105263158, 194.0, 252.0, 94.11111111111111, 36.0, 63.32762312633833, 65.44325481798715, 118.6, 113.8, 62.118161925601754, 64.3851203501094
2014-06-01, 21, 1, 20, 475, 11, 464, 913, 255, 658, 31220, 1309, 29911, 1941, 195, 1746, 30192, 1296, 28896, 92.42857142857143, 43.476190476190474, 195.0, 255.0, 87.3, 32.9, 63.562105263157896, 65.72631578947369, 117.81818181818181, 119.0, 62.275862068965516, 64.46336206896552
2014-07-01, 21, 1, 20, 507, 11, 496, 948, 276, 672, 33074, 1330, 31744, 2001, 203, 1798, 32021, 1317, 30704, 95.28571428571429, 45.142857142857146, 203.0, 276.0, 89.9, 33.6, 63.15779092702169, 65.23471400394477, 119.72727272727273, 120.9090909090909, 61.903225806451616, 64.0
2014-07-31, 22, 1, 21, 559, 11, 548, 984, 289, 695, 38048, 1375, 36673, 2143, 215, 1928, 36889, 1354, 35535, 97.4090909090909, 44.72727272727273, 215.0, 289.0, 91.80952380952381, 33.095238095238095, 65.99105545617174, 68.06440071556351, 123.0909090909091, 125.0, 64.8448905109489, 66.92153284671532
2014-08-30, 23, 1, 22, 583, 11, 572, 1006, 294, 712, 40431, 1407, 39024, 2229, 220, 2009, 39208, 1380, 37828, 96.91304347826087, 43.73913043478261, 220.0, 294.0, 91.31818181818181, 32.36363636363637, 67.25214408233276, 69.3499142367067, 125.45454545454545, 127.9090909090909, 66.13286713286713, 68.22377622377623
2014-09-29, 23, 1, 22, 581, 11, 570, 1005, 293, 712, 41112, 1398, 39714, 2222, 220, 2002, 39895, 1376, 38519, 96.6086956521739, 43.69565217391305, 220.0, 293.0, 91.0, 32.36363636363637, 68.66609294320138, 70.76075731497419, 125.0909090909091, 127.0909090909091, 67.57719298245614, 69.67368421052632
2014-10-29, 23, 1, 22, 588, 11, 577, 1051, 294, 757, 41504, 1403, 40101, 2323, 221, 2102, 40232, 1380, 38852, 101.0, 45.69565217391305, 221.0, 294.0, 95.54545454545455, 34.40909090909091, 68.421768707483, 70.58503401360544, 125.45454545454545, 127.54545454545455, 67.33448873483536, 69.49913344887348
2014-11-28, 24, 1, 23, 590, 11, 579, 1042, 295, 747, 41361, 1369, 39992, 2380, 235, 2145, 40023, 1399, 38624, 99.16666666666667, 43.416666666666664, 235.0, 295.0, 93.26086956521739, 32.47826086956522, 67.83559322033898, 70.10338983050848, 127.18181818181819, 124.45454545454545, 66.70811744386874, 69.07081174438687
2014-12-28, 27, 1, 26, 610, 11, 599, 1143, 317, 826, 43696, 1386, 42310, 2580, 254, 2326, 42259, 1421, 40838, 95.55555555555556, 42.333333333333336, 254.0, 317.0, 89.46153846153847, 31.76923076923077, 69.27704918032786, 71.6327868852459, 129.1818181818182, 126.0, 68.17696160267111, 70.63439065108514
2015-01-27, 31, 1, 30, 626, 11, 615, 1630, 627, 1003, 47727, 1546, 46181, 5666, 3150, 2516, 43691, 1438, 42253, 182.7741935483871, 52.58064516129032, 3150.0, 627.0, 83.86666666666666, 33.43333333333333, 69.79392971246007, 76.24121405750799, 130.72727272727272, 140.54545454545453, 68.7040650406504, 75.09105691056911
2015-02-26, 32, 1, 31, 638, 11, 627, 1695, 632, 1063, 48784, 1556, 47228, 5843, 3198, 2645, 44636, 1445, 43191, 182.59375, 52.96875, 3198.0, 632.0, 85.3225806451613, 34.29032258064516, 69.96238244514106, 76.46394984326018, 131.36363636363637, 141.45454545454547, 68.88516746411483, 75.3237639553429
2015-03-29, 33, 1, 32, 648, 11, 637, 1720, 641, 1079, 50292, 1577, 48715, 6081, 3302, 2779, 45931, 1454, 44477, 184.27272727272728, 52.121212121212125, 3302.0, 641.0, 86.84375, 33.71875, 70.88117283950618, 77.61111111111111, 132.1818181818182, 143.36363636363637, 69.82260596546311, 76.4756671899529
2015-04-28, 36, 1, 35, 654, 11, 643, 1775, 462, 1313, 49939, 1572, 48367, 6170, 3002, 3168, 45544, 1452, 44092, 171.38888888888889, 49.30555555555556, 3002.0, 462.0, 90.51428571428572, 37.51428571428571, 69.63914373088684, 76.35932721712538, 132.0, 142.9090909090909, 68.57231726283048, 75.22083981337481
2015-05-28, 38, 1, 37, 655, 11, 644, 1825, 448, 1377, 50327, 1586, 48741, 6273, 2979, 3294, 45879, 1458, 44421, 165.07894736842104, 48.026315789473685, 2979.0, 448.0, 89.02702702702703, 37.21621621621622, 70.0442748091603, 76.8351145038168, 132.54545454545453, 144.1818181818182, 68.97670807453416, 75.68478260869566
2015-06-27, 40, 1, 39, 655, 11, 644, 1831, 434, 1397, 50316, 1594, 48722, 6324, 2876, 3448, 45823, 1460, 44363, 158.1, 45.775, 2876.0, 434.0, 88.41025641025641, 35.82051282051282, 69.9587786259542, 76.81832061068702, 132.72727272727272, 144.9090909090909, 68.88664596273291, 75.65527950310559
2015-07-27, 39, 1, 38, 648, 11, 637, 1907, 514, 1393, 49944, 1587, 48357, 6370, 2969, 3401, 45481, 1446, 44035, 163.33333333333334, 48.8974358974359, 2969.0, 514.0, 89.5, 36.6578947368421, 70.18672839506173, 77.07407407407408, 131.45454545454547, 144.27272727272728, 69.1287284144427, 75.91365777080063
2015-08-26, 39, 1, 38, 625, 11, 614, 1934, 521, 1413, 46399, 1566, 44833, 6411, 2965, 3446, 41922, 1426, 40496, 164.3846153846154, 49.58974358974359, 2965.0, 521.0, 90.6842105263158, 37.18421052631579, 67.0752, 74.2384, 129.63636363636363, 142.36363636363637, 65.9543973941368, 73.01791530944625
2015-09-25, 41, 1, 40, 642, 11, 631, 2032, 537, 1495, 46820, 1554, 45266, 6655, 3056, 3599, 42197, 1430, 40767, 162.3170731707317, 49.5609756097561, 3056.0, 537.0, 89.975, 37.375, 65.72741433021807, 72.92834890965732, 130.0, 141.27272727272728, 64.60697305863708, 71.73692551505546
2015-10-25, 45, 1, 44, 646, 11, 635, 2162, 423, 1739, 46683, 1520, 45163, 6604, 1618, 4986, 42241, 1435, 40806, 146.75555555555556, 48.044444444444444, 1618.0, 423.0, 113.31818181818181, 39.52272727272727, 65.38854489164086, 72.26470588235294, 130.45454545454547, 138.1818181818182, 64.26141732283465, 71.12283464566929
2015-11-24, 62, 1, 61, 647, 12, 635, 2076, 45, 2031, 47255, 1583, 45672, 6385, 142, 6243, 42946, 1448, 41498, 102.98387096774194, 33.483870967741936, 142.0, 45.0, 102.34426229508196, 33.295081967213115, 66.37712519319938, 73.0370942812983, 120.66666666666667, 131.91666666666666, 65.3511811023622, 71.92440944881889
2015-12-24, 62, 1, 61, 651, 12, 639, 2070, 45, 2025, 47728, 1583, 46145, 6346, 142, 6204, 43452, 1449, 42003, 102.35483870967742, 33.38709677419355, 142.0, 45.0, 101.70491803278688, 33.19672131147541, 66.74654377880184, 73.31490015360983, 120.75, 131.91666666666666, 65.73239436619718, 72.21439749608764
2016-01-23, 63, 1, 62, 655, 12, 643, 2089, 45, 2044, 48423, 1585, 46838, 6389, 142, 6247, 44123, 1449, 42674, 101.41269841269842, 33.15873015873016, 142.0, 45.0, 100.75806451612904, 32.96774193548387, 67.36335877862595, 73.92824427480916, 120.75, 132.08333333333334, 66.36702954898911, 72.84292379471229
2016-02-22, 63, 1, 62, 650, 12, 638, 2110, 45, 2065, 47937, 1593, 46344, 6410, 142, 6268, 43637, 1448, 42189, 101.74603174603175, 33.492063492063494, 142.0, 45.0, 101.09677419354838, 33.306451612903224, 67.13384615384615, 73.74923076923076, 120.66666666666667, 132.75, 66.1269592476489, 72.63949843260188
2016-03-23, 63, 1, 62, 645, 12, 633, 2110, 45, 2065, 47324, 1590, 45734, 6391, 142, 6249, 43043, 1445, 41598, 101.44444444444444, 33.492063492063494, 142.0, 45.0, 100.79032258064517, 33.306451612903224, 66.73333333333333, 73.37054263565892, 120.41666666666667, 132.5, 65.71563981042654, 72.24960505529226
2016-04-22, 64, 1, 63, 647, 12, 635, 2179, 45, 2134, 47427, 1604, 45823, 6437, 142, 6295, 43169, 1462, 41707, 100.578125, 34.046875, 142.0, 45.0, 99.92063492063492, 33.87301587301587, 66.72179289026275, 73.30293663060279, 121.83333333333333, 133.66666666666666, 65.68031496062991, 72.16220472440945
2016-05-22, 64, 1, 63, 651, 12, 639, 2181, 45, 2136, 47899, 1607, 46292, 6557, 145, 6412, 43523, 1477, 42046, 102.453125, 34.078125, 145.0, 45.0, 101.77777777777777, 33.904761904761905, 66.85560675883256, 73.57757296466974, 123.08333333333333, 133.91666666666666, 65.79968701095461, 72.44444444444444
2016-06-21, 66, 1, 65, 655, 12, 643, 2329, 51, 2278, 47915, 1512, 46403, 6701, 153, 6548, 43543, 1416, 42127, 101.53030303030303, 35.28787878787879, 153.0, 51.0, 100.73846153846154, 35.04615384615385, 66.47786259541985, 73.1526717557252, 118.0, 126.0, 65.51632970451011, 72.16640746500778
2016-07-21, 66, 1, 65, 643, 12, 631, 2334, 51, 2283, 48201, 1511, 46690, 6748, 153, 6595, 43787, 1419, 42368, 102.24242424242425, 35.36363636363637, 153.0, 51.0, 101.46153846153847, 35.12307692307692, 68.09797822706065, 74.96267496111975, 118.25, 125.91666666666667, 67.14421553090332, 73.99366085578447
2016-08-20, 67, 1, 66, 648, 12, 636, 2418, 56, 2362, 49276, 1575, 47701, 6997, 162, 6835, 44697, 1493, 43204, 104.43283582089552, 36.08955223880597, 162.0, 56.0, 103.56060606060606, 35.78787878787879, 68.97685185185185, 76.04320987654322, 124.41666666666667, 131.25, 67.93081761006289, 75.00157232704403
2016-09-19, 67, 1, 66, 649, 12, 637, 2431, 56, 2375, 49450, 1585, 47865, 7025, 162, 6863, 44856, 1495, 43361, 104.85074626865672, 36.28358208955224, 162.0, 56.0, 103.98484848484848, 35.984848484848484, 69.115562403698, 76.19414483821264, 124.58333333333333, 132.08333333333334, 68.07064364207221, 75.14128728414443
2016-10-19, 67, 1, 66, 652, 12, 640, 2490, 56, 2434, 49749, 1598, 48151, 7176, 162, 7014, 45063, 1519, 43544, 107.1044776119403, 37.16417910447761, 162.0, 56.0, 106.27272727272727, 36.878787878787875, 69.11503067484662, 76.3021472392638, 126.58333333333333, 133.16666666666666, 68.0375, 75.2359375
2016-11-18, 67, 1, 66, 654, 12, 642, 2503, 55, 2448, 49857, 1606, 48251, 7052, 162, 6890, 45308, 1532, 43776, 105.25373134328358, 37.35820895522388, 162.0, 55.0, 104.39393939393939, 37.09090909090909, 69.2782874617737, 76.23394495412845, 127.66666666666667, 133.83333333333334, 68.18691588785046, 75.15732087227414
2016-12-18, 68, 1, 67, 659, 12, 647, 2528, 54, 2474, 50506, 1612, 48894, 7108, 164, 6944, 45926, 1540, 44386, 104.52941176470588, 37.1764705882353, 164.0, 54.0, 103.64179104477611, 36.92537313432836, 69.69044006069802, 76.64036418816389, 128.33333333333334, 134.33333333333334, 68.60278207109737, 75.57032457496136
2017-01-17, 69, 1, 68, 665, 12, 653, 2535, 54, 2481, 51362, 1621, 49741, 7149, 163, 6986, 46748, 1548, 45200, 103.6086956521739, 36.73913043478261, 163.0, 54.0, 102.73529411764706, 36.48529411764706, 70.29774436090226, 77.23609022556391, 129.0, 135.08333333333334, 69.21898928024503, 76.17304747320061
2017-02-16, 69, 1, 68, 667, 12, 655, 2582, 54, 2528, 51716, 1625, 50091, 7242, 162, 7080, 47056, 1553, 45503, 104.95652173913044, 37.42028985507246, 162.0, 54.0, 104.11764705882354, 37.1764705882353, 70.5487256371814, 77.5352323838081, 129.41666666666666, 135.41666666666666, 69.47022900763359, 76.47480916030534
2017-03-20, 71, 1, 70, 672, 12, 660, 2641, 43, 2598, 52049, 1630, 50419, 7318, 155, 7163, 47372, 1556, 45816, 103.07042253521126, 37.19718309859155, 155.0, 43.0, 102.32857142857142, 37.114285714285714, 70.49404761904762, 77.45386904761905, 129.66666666666666, 135.83333333333334, 69.41818181818182, 76.39242424242424
2017-04-19, 71, 1, 70, 672, 12, 660, 2641, 43, 2598, 52072, 1631, 50441, 7322, 155, 7167, 47391, 1557, 45834, 103.12676056338029, 37.19718309859155, 155.0, 43.0, 102.38571428571429, 37.114285714285714, 70.52232142857143, 77.48809523809524, 129.75, 135.91666666666666, 69.44545454545455, 76.42575757575757
2017-05-19, 71, 1, 70, 738, 13, 725, 2644, 42, 2602, 52175, 1795, 50380, 7357, 155, 7202, 47462, 1651, 45811, 103.61971830985915, 37.23943661971831, 155.0, 42.0, 102.88571428571429, 37.17142857142857, 64.31165311653116, 70.69783197831978, 127.0, 138.07692307692307, 63.187586206896555, 69.48965517241379
2017-06-18, 72, 1, 71, 738, 14, 724, 2650, 42, 2608, 52199, 2076, 50123, 7359, 155, 7204, 47490, 1963, 45527, 102.20833333333333, 36.80555555555556, 155.0, 42.0, 101.46478873239437, 36.732394366197184, 64.34959349593495, 70.73035230352303, 140.21428571428572, 148.28571428571428, 62.88259668508287, 69.23066298342542
2017-07-18, 72, 1, 71, 740, 15, 725, 2670, 42, 2628, 52415, 2411, 50004, 7408, 155, 7253, 47677, 2078, 45599, 102.88888888888889, 37.083333333333336, 155.0, 42.0, 102.15492957746478, 37.014084507042256, 64.42837837837838, 70.83108108108108, 138.53333333333333, 160.73333333333332, 62.895172413793105, 68.97103448275863
2017-08-17, 73, 1, 72, 622, 15, 607, 2767, 43, 2724, 52253, 2414, 49839, 7507, 151, 7356, 47513, 2069, 45444, 102.83561643835617, 37.9041095890411, 151.0, 43.0, 102.16666666666667, 37.833333333333336, 76.38745980707395, 84.00803858520901, 137.93333333333334, 160.93333333333334, 74.8665568369028, 82.10708401976936
2017-09-16, 73, 1, 72, 624, 15, 609, 2814, 51, 2763, 52755, 2434, 50321, 7605, 157, 7448, 47964, 2090, 45874, 104.17808219178082, 38.54794520547945, 157.0, 51.0, 103.44444444444444, 38.375, 76.86538461538461, 84.54326923076923, 139.33333333333334, 162.26666666666668, 75.32676518883416, 82.62889983579639
2017-10-16, 73, 1, 72, 632, 15, 617, 2878, 51, 2827, 53134, 2468, 50666, 7710, 157, 7553, 48302, 2106, 46196, 105.61643835616438, 39.42465753424658, 157.0, 51.0, 104.90277777777777, 39.263888888888886, 76.42721518987342, 84.07278481012658, 140.4, 164.53333333333333, 74.87196110210697, 82.11669367909238
2017-11-15, 74, 1, 73, 633, 15, 618, 2909, 51, 2858, 53128, 2493, 50635, 7755, 157, 7598, 48282, 2126, 46156, 104.79729729729729, 39.310810810810814, 157.0, 51.0, 104.08219178082192, 39.15068493150685, 76.27488151658768, 83.9304897314376, 141.73333333333332, 166.2, 74.68608414239482, 81.9336569579288
2017-12-15, 75, 1, 74, 648, 15, 633, 2972, 51, 2921, 54515, 2560, 51955, 7947, 163, 7784, 49540, 2184, 47356, 105.96, 39.626666666666665, 163.0, 51.0, 105.1891891891892, 39.472972972972975, 76.45061728395062, 84.12808641975309, 145.6, 170.66666666666666, 74.81200631911533, 82.07740916271722
2018-01-15, 77, 1, 76, 659, 15, 644, 3083, 53, 3030, 54806, 2550, 52256, 8139, 169, 7970, 49750, 2125, 47625, 105.7012987012987, 40.03896103896104, 169.0, 53.0, 104.86842105263158, 39.86842105263158, 75.49317147192716, 83.16540212443095, 141.66666666666666, 170.0, 73.95186335403727, 81.14285714285714
2018-02-14, 78, 4, 74, 665, 20, 645, 3110, 168, 2942, 55397, 4040, 51357, 8240, 470, 7770, 50267, 3222, 47045, 105.64102564102564, 39.87179487179487, 117.5, 42.0, 105.0, 39.75675675675676, 75.58947368421053, 83.30375939849624, 161.1, 202.0, 72.93798449612403, 79.62325581395349
2018-03-16, 79, 4, 75, 668, 21, 647, 3170, 174, 2996, 55479, 4489, 50990, 8335, 481, 7854, 50314, 3298, 47016, 105.50632911392405, 40.12658227848101, 120.25, 43.5, 104.72, 39.946666666666665, 75.32035928143712, 83.05239520958084, 157.04761904761904, 213.76190476190476, 72.6676970633694, 78.80989180834621
2018-04-15, 79, 4, 75, 678, 21, 657, 3189, 183, 3006, 56146, 4498, 51648, 8295, 495, 7800, 51040, 3309, 47731, 105.0, 40.36708860759494, 123.75, 45.75, 104.0, 40.08, 75.28023598820059, 82.81120943952803, 157.57142857142858, 214.1904761904762, 72.64992389649925, 78.61187214611873
2018-05-15, 79, 4, 75, 685, 21, 664, 3232, 192, 3040, 56744, 4513, 52231, 8408, 504, 7904, 51568, 3313, 48255, 106.43037974683544, 40.91139240506329, 126.0, 48.0, 105.38666666666667, 40.53333333333333, 75.28175182481752, 82.83795620437957, 157.76190476190476, 214.9047619047619, 72.67319277108433, 78.66114457831326
2018-06-14, 80, 4, 76, 705, 21, 684, 3337, 198, 3139, 58479, 4596, 53883, 8588, 519, 8069, 53228, 3380, 49848, 107.35, 41.7125, 129.75, 49.5, 106.17105263157895, 41.30263157894737, 75.50070921985815, 82.94893617021276, 160.95238095238096, 218.85714285714286, 72.87719298245614, 78.77631578947368
2018-07-15, 80, 4, 76, 706, 21, 685, 3337, 198, 3139, 58489, 4597, 53892, 8586, 519, 8067, 53240, 3380, 49860, 107.325, 41.7125, 129.75, 49.5, 106.14473684210526, 41.30263157894737, 75.41076487252124, 82.84560906515581, 160.95238095238096, 218.9047619047619, 72.78832116788321, 78.67445255474452
2018-08-16, 81, 4, 77, 712, 21, 691, 3415, 205, 3210, 60345, 4752, 55593, 8658, 534, 8124, 55102, 3445, 51657, 106.88888888888889, 42.160493827160494, 133.5, 51.25, 105.50649350649351, 41.688311688311686, 77.39044943820225, 84.75421348314607, 164.04761904761904, 226.28571428571428, 74.75687409551375, 80.45296671490593
2018-09-15, 81, 4, 77, 715, 21, 694, 3368, 205, 3163, 60039, 4696, 55343, 8799, 543, 8256, 54608, 3448, 51160, 108.62962962962963, 41.58024691358025, 135.75, 51.25, 107.22077922077922, 41.077922077922075, 76.37482517482518, 83.97062937062937, 164.1904761904762, 223.61904761904762, 73.71757925072046, 79.74495677233429
2018-10-15, 82, 4, 78, 726, 21, 705, 3391, 210, 3181, 42480, 4015, 38465, 8898, 538, 8360, 36973, 2952, 34021, 108.51219512195122, 41.353658536585364, 134.5, 52.5, 107.17948717948718, 40.782051282051285, 50.92699724517907, 58.51239669421488, 140.57142857142858, 191.1904761904762, 48.256737588652484, 54.56028368794326
2018-11-14, 82, 4, 78, 738, 23, 715, 3405, 211, 3194, 42951, 4097, 38854, 8906, 544, 8362, 37450, 2953, 34497, 108.60975609756098, 41.52439024390244, 136.0, 52.75, 107.2051282051282, 40.94871794871795, 50.74525745257453, 58.199186991869915, 128.3913043478261, 178.1304347826087, 48.24755244755245, 54.34125874125874
2018-12-14, 86, 5, 81, 756, 28, 728, 3462, 234, 3228, 43667, 4817, 38850, 9077, 640, 8437, 38052, 3385, 34667, 105.54651162790698, 40.25581395348837, 128.0, 46.8, 104.1604938271605, 39.851851851851855, 50.333333333333336, 57.76058201058201, 120.89285714285714, 172.03571428571428, 47.619505494505496, 53.36538461538461
2019-01-13, 86, 5, 81, 761, 28, 733, 3467, 236, 3231, 43630, 4806, 38824, 9109, 656, 8453, 37988, 3373, 34615, 105.9186046511628, 40.31395348837209, 131.2, 47.2, 104.35802469135803, 39.888888888888886, 49.91852825229961, 57.33245729303548, 120.46428571428571, 171.64285714285714, 47.2237380627558, 52.96589358799454
2019-02-12, 86, 5, 81, 764, 28, 736, 3469, 236, 3233, 43649, 4805, 38844, 9112, 656, 8456, 38006, 3376, 34630, 105.95348837209302, 40.33720930232558, 131.2, 47.2, 104.39506172839506, 39.91358024691358, 49.746073298429316, 57.132198952879584, 120.57142857142857, 171.60714285714286, 47.05163043478261, 52.77717391304348
2019-03-14, 95, 5, 90, 776, 31, 745, 3514, 213, 3301, 44685, 5357, 39328, 9349, 620, 8729, 38850, 3837, 35013, 98.41052631578947, 36.98947368421052, 124.0, 42.6, 96.9888888888889, 36.67777777777778, 50.06443298969072, 57.58376288659794, 123.7741935483871, 172.80645161290323, 46.997315436241614, 52.789261744966446
2019-04-13, 95, 6, 89, 784, 31, 753, 3534, 310, 3224, 45189, 5368, 39821, 9479, 755, 8724, 39244, 3863, 35381, 99.77894736842106, 37.2, 125.83333333333333, 51.666666666666664, 98.02247191011236, 36.2247191011236, 50.05612244897959, 57.639030612244895, 124.61290322580645, 173.16129032258064, 46.9867197875166, 52.88313413014608
2019-05-13, 95, 6, 89, 791, 31, 760, 3531, 310, 3221, 45832, 5427, 40405, 9516, 751, 8765, 39847, 3893, 35954, 100.16842105263157, 37.16842105263158, 125.16666666666667, 51.666666666666664, 98.48314606741573, 36.19101123595506, 50.37547408343868, 57.94184576485461, 125.58064516129032, 175.06451612903226, 47.30789473684211, 53.16447368421053
2019-06-12, 96, 7, 89, 796, 32, 764, 3584, 450, 3134, 46087, 5486, 40601, 9652, 996, 8656, 40019, 3936, 36083, 100.54166666666667, 37.333333333333336, 142.28571428571428, 64.28571428571429, 97.25842696629213, 35.21348314606742, 50.27512562814071, 57.89824120603015, 123.0, 171.4375, 47.22905759162304, 53.14267015706806
2019-07-12, 97, 7, 90, 801, 32, 769, 3608, 475, 3133, 46145, 5517, 40628, 9565, 1055, 8510, 40188, 3944, 36244, 98.6082474226804, 37.1958762886598, 150.71428571428572, 67.85714285714286, 94.55555555555556, 34.81111111111111, 50.172284644194754, 57.609238451935084, 123.25, 172.40625, 47.13133940182055, 52.83224967490247
2019-08-11, 97, 7, 90, 810, 32, 778, 3533, 476, 3057, 47801, 5699, 42102, 10323, 1051, 9272, 41011, 3962, 37049, 106.42268041237114, 36.422680412371136, 150.14285714285714, 68.0, 103.02222222222223, 33.96666666666667, 50.63086419753086, 59.01358024691358, 123.8125, 178.09375, 47.62082262210797, 54.11568123393316
2019-09-10, 97, 8, 89, 814, 32, 782, 3534, 729, 2805, 47963, 5711, 42252, 10337, 1322, 9015, 41160, 3968, 37192, 106.56701030927834, 36.43298969072165, 165.25, 91.125, 101.29213483146067, 31.51685393258427, 50.565110565110565, 58.92260442260442, 124.0, 178.46875, 47.56010230179028, 54.030690537084396
2019-10-10, 97, 8, 89, 816, 32, 784, 3461, 736, 2725, 48234, 5723, 42511, 10335, 1335, 9000, 41360, 3987, 37373, 106.54639175257732, 35.68041237113402, 166.875, 92.0, 101.12359550561797, 30.617977528089888, 50.68627450980392, 59.11029411764706, 124.59375, 178.84375, 47.669642857142854, 54.223214285714285
2019-11-09, 98, 8, 90, 822, 34, 788, 3482, 734, 2748, 48542, 5749, 42793, 10388, 1336, 9052, 41636, 4019, 37617, 106.0, 35.53061224489796, 167.0, 91.75, 100.57777777777778, 30.533333333333335, 50.65206812652068, 59.05352798053528, 118.20588235294117, 169.08823529411765, 47.73730964467005, 54.305837563451774
2019-12-09, 99, 8, 91, 827, 34, 793, 3514, 739, 2775, 48763, 5746, 43017, 10471, 1347, 9124, 41806, 4022, 37784, 105.76767676767676, 35.494949494949495, 168.375, 92.375, 100.26373626373626, 30.494505494505493, 50.55139056831923, 58.96372430471584, 118.29411764705883, 169.0, 47.6469104665826, 54.24590163934426
2020-01-08, 101, 8, 93, 833, 34, 799, 3598, 742, 2856, 49172, 5762, 43410, 10605, 1354, 9251, 42165, 4034, 38131, 105.0, 35.62376237623762, 169.25, 92.75, 99.47311827956989, 30.70967741935484, 50.61824729891957, 59.03001200480192, 118.6470588235294, 169.47058823529412, 47.723404255319146, 54.330413016270334
2020-02-07, 106, 8, 98, 874, 37, 837, 3821, 689, 3132, 53369, 6530, 46839, 11323, 1255, 10068, 45867, 5132, 40735, 106.82075471698113, 36.04716981132076, 156.875, 86.125, 102.73469387755102, 31.959183673469386, 52.47940503432494, 61.0629290617849, 138.7027027027027, 176.48648648648648, 48.66786140979689, 55.96057347670251
2020-03-08, 106, 8, 98, 881, 37, 844, 3846, 694, 3152, 53565, 6536, 47029, 11376, 1260, 10116, 46035, 5137, 40898, 107.32075471698113, 36.283018867924525, 157.5, 86.75, 103.22448979591837, 32.16326530612245, 52.25312145289444, 60.80022701475596, 138.83783783783784, 176.64864864864865, 48.45734597156398, 55.72156398104266
2020-04-07, 109, 8, 101, 885, 37, 848, 3858, 692, 3166, 53862, 6553, 47309, 11425, 1262, 10163, 46295, 5169, 41126, 104.81651376146789, 35.39449541284404, 157.75, 86.5, 100.62376237623762, 31.346534653465348, 52.31073446327684, 60.86101694915254, 139.7027027027027, 177.1081081081081, 48.49764150943396, 55.78891509433962
2020-05-07, 112, 8, 104, 894, 37, 857, 3955, 745, 3210, 53095, 6557, 46538, 11806, 1541, 10265, 45244, 5191, 40053, 105.41071428571429, 35.3125, 192.625, 93.125, 98.70192307692308, 30.865384615384617, 50.608501118568235, 59.3903803131991, 140.2972972972973, 177.21621621621622, 46.736289381563594, 54.303383897316216
2020-06-06, 115, 9, 106, 902, 37, 865, 3999, 843, 3156, 53597, 6613, 46984, 11977, 1914, 10063, 45619, 5246, 40373, 104.14782608695653, 34.77391304347826, 212.66666666666666, 93.66666666666667, 94.93396226415095, 29.77358490566038, 50.57538802660754, 59.42017738359202, 141.78378378378378, 178.72972972972974, 46.673988439306356, 54.316763005780345
2020-07-06, 115, 9, 106, 915, 37, 878, 3855, 685, 3170, 53974, 6654, 47320, 11708, 1559, 10149, 46121, 5295, 40826, 101.80869565217391, 33.52173913043478, 173.22222222222223, 76.11111111111111, 95.74528301886792, 29.90566037735849, 50.405464480874315, 58.9879781420765, 143.1081081081081, 179.83783783783784, 46.49886104783599, 53.89521640091116
2020-08-05, 117, 9, 108, 917, 37, 880, 3925, 685, 3240, 54465, 6651, 47814, 11871, 1585, 10286, 46519, 5299, 41220, 101.46153846153847, 33.547008547008545, 176.11111111111111, 76.11111111111111, 95.24074074074075, 30.0, 50.72955288985823, 59.39476553980371, 143.21621621621622, 179.75675675675674, 46.84090909090909, 54.33409090909091
2020-09-04, 118, 9, 109, 922, 37, 885, 3992, 687, 3305, 55015, 6676, 48339, 12070, 1618, 10452, 46937, 5303, 41634, 102.28813559322033, 33.83050847457627, 179.77777777777777, 76.33333333333333, 95.88990825688073, 30.321100917431192, 50.90780911062907, 59.66919739696312, 143.32432432432432, 180.43243243243242, 47.04406779661017, 54.62033898305085
2020-10-04, 118, 9, 109, 925, 37, 888, 4000, 677, 3323, 55117, 6673, 48444, 11926, 1625, 10301, 47191, 5310, 41881, 101.0677966101695, 33.898305084745765, 180.55555555555554, 75.22222222222223, 94.5045871559633, 30.486238532110093, 51.0172972972973, 59.585945945945944, 143.51351351351352, 180.35135135135135, 47.163288288288285, 54.554054054054056
2020-11-03, 122, 9, 113, 967, 37, 930, 4249, 680, 3569, 55696, 6725, 48971, 12288, 1633, 10655, 47657, 5340, 42317, 100.72131147540983, 34.82786885245902, 181.44444444444446, 75.55555555555556, 94.29203539823008, 31.58407079646018, 49.28335056876939, 57.596690796277144, 144.32432432432432, 181.75675675675674, 45.50215053763441, 52.65698924731183
2020-12-03, 122, 9, 113, 969, 37, 932, 4268, 680, 3588, 55733, 6718, 49015, 12315, 1637, 10678, 47686, 5342, 42344, 100.94262295081967, 34.98360655737705, 181.88888888888889, 75.55555555555556, 94.49557522123894, 31.75221238938053, 49.21155830753354, 57.515995872033024, 144.3783783783784, 181.56756756756758, 45.433476394849784, 52.5912017167382
2021-01-02, 126, 9, 117, 985, 37, 948, 4574, 679, 3895, 56196, 6758, 49438, 12544, 1618, 10926, 48226, 5359, 42867, 99.55555555555556, 36.301587301587304, 179.77777777777777, 75.44444444444444, 93.38461538461539, 33.29059829059829, 48.96040609137056, 57.051776649746195, 144.83783783783784, 182.64864864864865, 45.21835443037975, 52.14978902953587
2021-02-01, 126, 9, 117, 990, 37, 953, 4708, 692, 4016, 78782, 7876, 70906, 12763, 1647, 11116, 70727, 6463, 64264, 101.2936507936508, 37.36507936507937, 183.0, 76.88888888888889, 95.00854700854701, 34.324786324786324, 71.44141414141414, 79.57777777777778, 174.67567567567568, 212.86486486486487, 67.43336831059811, 74.40293809024135
2021-03-03, 128, 9, 119, 1000, 37, 963, 4865, 677, 4188, 79553, 7859, 71694, 13085, 1632, 11453, 71333, 6493, 64840, 102.2265625, 38.0078125, 181.33333333333334, 75.22222222222223, 96.24369747899159, 35.19327731092437, 71.333, 79.553, 175.48648648648648, 212.40540540540542, 67.33125649013499, 74.44859813084112
2021-04-02, 131, 9, 122, 1003, 37, 966, 4900, 678, 4222, 79859, 7875, 71984, 13177, 1644, 11533, 71582, 6504, 65078, 100.58778625954199, 37.404580152671755, 182.66666666666666, 75.33333333333333, 94.5327868852459, 34.60655737704918, 71.3678963110668, 79.62013958125623, 175.78378378378378, 212.83783783783784, 67.36853002070393, 74.5175983436853
2021-05-03, 131, 9, 122, 1009, 37, 972, 4949, 682, 4267, 80336, 7933, 72403, 13289, 1660, 11629, 71996, 6540, 65456, 101.44274809160305, 37.778625954198475, 184.44444444444446, 75.77777777777777, 95.31967213114754, 34.97540983606557, 71.35381565906839, 79.61942517343905, 176.75675675675674, 214.40540540540542, 67.34156378600824, 74.48868312757202
2021-06-02, 131, 9, 122, 1017, 37, 980, 4971, 667, 4304, 80813, 7888, 72925, 13321, 1664, 11657, 72463, 6565, 65898, 101.68702290076335, 37.94656488549618, 184.88888888888889, 74.11111111111111, 95.54918032786885, 35.278688524590166, 71.25172074729596, 79.4621435594887, 177.43243243243242, 213.1891891891892, 67.24285714285715, 74.41326530612245
2021-07-02, 132, 9, 123, 1020, 38, 982, 4982, 663, 4319, 80852, 8015, 72837, 13261, 1666, 11595, 72573, 6922, 65651, 100.46212121212122, 37.74242424242424, 185.11111111111111, 73.66666666666667, 94.26829268292683, 35.113821138211385, 71.15, 79.26666666666667, 182.1578947368421, 210.92105263157896, 66.85437881873727, 74.17209775967413
2021-08-01, 133, 9, 124, 1026, 38, 988, 5059, 668, 4391, 81205, 7880, 73325, 13200, 1675, 11525, 73064, 6919, 66145, 99.24812030075188, 38.037593984962406, 186.11111111111111, 74.22222222222223, 92.94354838709677, 35.41129032258065, 71.21247563352827, 79.14717348927876, 182.07894736842104, 207.3684210526316, 66.94838056680162, 74.21558704453442
2021-08-31, 133, 9, 124, 1037, 38, 999, 5111, 673, 4438, 81893, 7893, 74000, 13325, 1690, 11635, 73679, 6939, 66740, 100.18796992481202, 38.42857142857143, 187.77777777777777, 74.77777777777777, 93.83064516129032, 35.79032258064516, 71.05014464802315, 78.97107039537126, 182.60526315789474, 207.71052631578948, 66.8068068068068, 74.07407407407408
2021-09-30, 134, 9, 125, 1043, 38, 1005, 5210, 679, 4531, 82392, 7933, 74459, 13680, 1696, 11984, 73922, 6949, 66973, 102.08955223880596, 38.88059701492537, 188.44444444444446, 75.44444444444444, 95.872, 36.248, 70.87440076701822, 78.99520613614574, 182.8684210526316, 208.76315789473685, 66.63980099502487, 74.08855721393034
2021-10-30, 138, 9, 129, 1059, 38, 1021, 5253, 640, 4613, 83765, 7975, 75790, 13790, 1582, 12208, 75228, 6987, 68241, 99.92753623188406, 38.06521739130435, 175.77777777777777, 71.11111111111111, 94.63565891472868, 35.75968992248062, 71.03682719546742, 79.09820585457979, 183.8684210526316, 209.8684210526316, 66.83741429970617, 74.23114593535749
2021-11-29, 143, 9, 134, 1064, 38, 1026, 5335, 647, 4688, 84359, 7979, 76380, 13958, 1624, 12334, 75736, 6992, 68744, 97.60839160839161, 37.30769230769231, 180.44444444444446, 71.88888888888889, 92.04477611940298, 34.985074626865675, 71.18045112781955, 79.28477443609023, 184.0, 209.97368421052633, 67.00194931773879, 74.44444444444444
2021-12-29, 145, 9, 136, 1072, 38, 1034, 5382, 635, 4747, 84640, 7980, 76660, 14036, 1627, 12409, 75986, 6993, 68993, 96.8, 37.11724137931034, 180.77777777777777, 70.55555555555556, 91.24264705882354, 34.904411764705884, 70.88246268656717, 78.95522388059702, 184.02631578947367, 210.0, 66.72437137330755, 74.13926499032883
2022-01-28, 145, 9, 136, 1079, 38, 1041, 5408, 630, 4778, 85047, 8000, 77047, 14077, 1624, 12453, 76378, 6998, 69380, 97.08275862068966, 37.296551724137935, 180.44444444444446, 70.0, 91.56617647058823, 35.13235294117647, 70.78591288229842, 78.82020389249305, 184.1578947368421, 210.52631578947367, 66.6474543707973, 74.01248799231509
2022-02-27, 146, 9, 137, 1107, 38, 1069, 5473, 632, 4841, 85581, 8015, 77566, 14196, 1626, 12570, 76858, 6999, 69859, 97.23287671232876, 37.486301369863014, 180.66666666666666, 70.22222222222223, 91.75182481751825, 35.33576642335766, 69.42908762420957, 77.3089430894309, 184.18421052631578, 210.92105263157896, 65.34985968194574, 72.55940130963518
2022-03-29, 147, 9, 138, 1120, 38, 1082, 5483, 632, 4851, 86420, 8003, 78417, 14237, 1631, 12606, 77666, 6998, 70668, 96.85034013605443, 37.29931972789116, 181.22222222222223, 70.22222222222223, 91.34782608695652, 35.15217391304348, 69.34464285714286, 77.16071428571429, 184.1578947368421, 210.60526315789474, 65.31238447319778, 72.47412199630314
2022-04-28, 150, 9, 141, 1122, 38, 1084, 5485, 631, 4854, 87394, 8004, 79390, 13933, 1635, 12298, 78946, 7041, 71905, 92.88666666666667, 36.56666666666667, 181.66666666666666, 70.11111111111111, 87.21985815602837, 34.42553191489362, 70.36185383244207, 77.89126559714795, 185.28947368421052, 210.6315789473684, 66.33302583025831, 73.2380073800738
2022-05-28, 150, 9, 141, 1125, 38, 1087, 5469, 628, 4841, 87403, 7990, 79413, 13976, 1638, 12338, 78896, 7041, 71855, 93.17333333333333, 36.46, 182.0, 69.77777777777777, 87.50354609929079, 34.333333333333336, 70.12977777777778, 77.69155555555555, 185.28947368421052, 210.26315789473685, 66.10395584176634, 73.05703771849126
2022-06-27, 152, 9, 143, 1123, 38, 1085, 5467, 628, 4839, 87296, 7995, 79301, 13937, 1642, 12295, 78826, 7046, 71780, 91.6907894736842, 35.9671052631579, 182.44444444444446, 69.77777777777777, 85.97902097902097, 33.83916083916084, 70.19234194122885, 77.73463935886019, 185.42105263157896, 210.39473684210526, 66.15668202764977, 73.0884792626728
2022-07-27, 152, 9, 143, 1124, 38, 1086, 5445, 626, 4819, 87989, 8042, 79947, 14031, 1641, 12390, 79403, 7085, 72318, 92.3092105263158, 35.82236842105263, 182.33333333333334, 69.55555555555556, 86.64335664335664, 33.6993006993007, 70.6432384341637, 78.28202846975088, 186.44736842105263, 211.6315789473684, 66.59116022099448, 73.61602209944752
2022-08-26, 153, 9, 144, 1125, 38, 1087, 5509, 631, 4878, 89053, 8082, 80971, 14171, 1639, 12532, 80391, 7144, 73247, 92.62091503267973, 36.00653594771242, 182.11111111111111, 70.11111111111111, 87.02777777777777, 33.875, 71.45866666666667, 79.15822222222222, 188.0, 212.68421052631578, 67.38454461821527, 74.49034038638455
2022-09-25, 153, 9, 144, 1130, 38, 1092, 5704, 636, 5068, 90347, 8156, 82191, 14264, 1625, 12639, 81787, 7158, 74629, 93.22875816993464, 37.28104575163399, 180.55555555555554, 70.66666666666667, 87.77083333333333, 35.19444444444444, 72.37787610619469, 79.95309734513275, 188.3684210526316, 214.6315789473684, 68.3415750915751, 75.26648351648352
2022-10-25, 153, 9, 144, 1131, 38, 1093, 5741, 636, 5105, 90489, 8148, 82341, 14364, 1624, 12740, 81866, 7175, 74691, 93.88235294117646, 37.52287581699346, 180.44444444444446, 70.66666666666667, 88.47222222222223, 35.451388888888886, 72.38373121131742, 80.0079575596817, 188.81578947368422, 214.42105263157896, 68.33577310155535, 75.3348581884721
2022-11-24, 155, 8, 147, 1131, 38, 1093, 5820, 623, 5197, 90875, 8144, 82731, 14410, 1491, 12919, 82285, 7182, 75103, 92.96774193548387, 37.54838709677419, 186.375, 77.875, 87.8843537414966, 35.35374149659864, 72.75419982316534, 80.34924845269673, 189.0, 214.31578947368422, 68.71271729185727, 75.69167429094236
2022-12-24, 157, 8, 149, 1139, 38, 1101, 5889, 623, 5266, 91139, 8173, 82966, 14514, 1492, 13022, 82514, 7210, 75304, 92.44585987261146, 37.50955414012739, 186.5, 77.875, 87.39597315436242, 35.34228187919463, 72.44424934152765, 80.01668129938543, 189.73684210526315, 215.07894736842104, 68.39600363306086, 75.35513169845595
2023-01-23, 157, 8, 149, 1148, 38, 1110, 5831, 618, 5213, 89954, 7975, 81979, 12333, 1494, 10839, 83452, 7253, 76199, 78.55414012738854, 37.140127388535035, 186.75, 77.25, 72.74496644295301, 34.986577181208055, 72.69337979094077, 78.35714285714286, 190.8684210526316, 209.8684210526316, 68.64774774774774, 73.85495495495495
2023-02-22, 157, 8, 149, 1150, 38, 1112, 5850, 617, 5233, 90676, 8011, 82665, 12390, 1495, 10895, 84136, 7277, 76859, 78.9171974522293, 37.261146496815286, 186.875, 77.125, 73.12080536912751, 35.12080536912752, 73.16173913043478, 78.84869565217392, 191.5, 210.81578947368422, 69.11780575539568, 74.33902877697842
2023-03-24, 159, 8, 151, 1156, 38, 1118, 6036, 638, 5398, 92695, 8097, 84598, 12605, 1512, 11093, 86126, 7346, 78780, 79.27672955974843, 37.9622641509434, 189.0, 79.75, 73.4635761589404, 35.74834437086093, 74.50346020761246, 80.18598615916954, 193.31578947368422, 213.07894736842104, 70.46511627906976, 75.66905187835421
2023-04-23, 162, 8, 154, 1164, 38, 1126, 6061, 633, 5428, 94052, 8164, 85888, 12733, 1521, 11212, 87380, 7400, 79980, 78.59876543209876, 37.41358024691358, 190.125, 79.125, 72.8051948051948, 35.246753246753244, 75.06872852233677, 80.80068728522336, 194.73684210526315, 214.8421052631579, 71.03019538188278, 76.27708703374778
2023-05-23, 162, 8, 154, 1205, 38, 1167, 6096, 632, 5464, 94420, 8131, 86289, 12786, 1530, 11256, 87730, 7372, 80358, 78.92592592592592, 37.629629629629626, 191.25, 79.0, 73.0909090909091, 35.48051948051948, 72.80497925311204, 78.35684647302905, 194.0, 213.97368421052633, 68.8586118251928, 73.94087403598972
2023-06-22, 166, 8, 158, 1211, 38, 1173, 6341, 643, 5698, 95298, 8149, 87149, 13089, 1544, 11545, 88550, 7410, 81140, 78.84939759036145, 38.19879518072289, 193.0, 80.375, 73.06962025316456, 36.063291139240505, 73.121387283237, 78.69364161849711, 195.0, 214.44736842105263, 69.17306052855925, 74.29582267689685
2023-07-22, 167, 8, 159, 1212, 38, 1174, 6475, 646, 5829, 96134, 8187, 87947, 13066, 1555, 11511, 89543, 7447, 82096, 78.23952095808383, 38.77245508982036, 194.375, 80.75, 72.39622641509433, 36.660377358490564, 73.88036303630363, 79.31848184818482, 195.97368421052633, 215.44736842105263, 69.92844974446338, 74.91226575809199
2023-08-21, 167, 8, 159, 1276, 38, 1238, 6573, 647, 5926, 97150, 8304, 88846, 13135, 1572, 11563, 90588, 7572, 83016, 78.65269461077844, 39.35928143712575, 196.5, 80.875, 72.72327044025157, 37.270440251572325, 70.99373040752351, 76.13636363636364, 199.26315789473685, 218.52631578947367, 67.05654281098546, 71.76575121163167
2023-09-20, 168, 8, 160, 1288, 38, 1250, 6668, 647, 6021, 97441, 8353, 89088, 13193, 1516, 11677, 90916, 7608, 83308, 78.5297619047619, 39.69047619047619, 189.5, 80.875, 72.98125, 37.63125, 70.58695652173913, 75.652950310559, 200.21052631578948, 219.81578947368422, 66.6464, 71.2704
2023-10-20, 170, 8, 162, 1322, 38, 1284, 6766, 628, 6138, 101075, 8482, 92593, 13693, 1453, 12240, 94148, 7718, 86430, 80.54705882352941, 39.8, 181.625, 78.5, 75.55555555555556, 37.888888888888886, 71.21633888048412, 76.45612708018155, 203.10526315789474, 223.21052631578948, 67.31308411214954, 72.11292834890966
2023-11-19, 173, 8, 165, 1337, 38, 1299, 7022, 628, 6394, 104205, 8557, 95648, 14159, 1457, 12702, 97068, 7787, 89281, 81.84393063583815, 40.589595375722546, 182.125, 78.5, 76.98181818181818, 38.75151515151515, 72.60134629768137, 77.93941660433806, 204.92105263157896, 225.18421052631578, 68.73056197074673, 73.6320246343341
2023-12-19, 173, 8, 165, 1331, 38, 1293, 7052, 633, 6419, 104969, 8585, 96384, 14225, 1470, 12755, 97796, 7812, 89984, 82.22543352601156, 40.76300578034682, 183.75, 79.125, 77.3030303030303, 38.903030303030306, 73.4755822689707, 78.86476333583772, 205.57894736842104, 225.92105263157896, 69.59319412219644, 74.5429234338747
2024-01-18, 174, 8, 166, 1347, 38, 1309, 7109, 651, 6458, 107113, 8688, 98425, 14531, 1493, 13038, 99691, 7813, 91878, 83.51149425287356, 40.85632183908046, 186.625, 81.375, 78.5421686746988, 38.903614457831324, 74.00965107646623, 79.51967334818114, 205.60526315789474, 228.6315789473684, 70.1894576012223, 75.19098548510313
2024-02-17, 175, 8, 167, 1354, 38, 1316, 7216, 677, 6539, 108098, 8699, 99399, 14675, 1567, 13108, 100639, 7959, 92680, 83.85714285714286, 41.23428571428571, 195.875, 84.625, 78.49101796407186, 39.15568862275449, 74.3271787296898, 79.83604135893648, 209.44736842105263, 228.92105263157896, 70.42553191489361, 75.53115501519757
2024-03-18, 175, 8, 167, 1344, 38, 1306, 7310, 691, 6619, 109457, 8729, 100728, 14869, 1592, 13277, 101898, 8005, 93893, 84.96571428571428, 41.77142857142857, 199.0, 86.375, 79.50299401197604, 39.634730538922156, 75.81696428571429, 81.44122023809524, 210.6578947368421, 229.71052631578948, 71.89356814701378, 77.1271056661562
2024-04-17, 177, 8, 169, 1368, 38, 1330, 7443, 712, 6731, 112783, 8791, 103992, 15156, 1637, 13519, 105070, 8085, 96985, 85.62711864406779, 42.05084745762712, 204.625, 89.0, 79.99408284023669, 39.828402366863905, 76.80555555555556, 82.44371345029239, 212.76315789473685, 231.3421052631579, 72.92105263157895, 78.18947368421053
2024-05-17, 176, 8, 168, 1396, 38, 1358, 7489, 717, 6772, 112989, 8803, 104186, 15226, 1631, 13595, 105252, 8102, 97150, 86.51136363636364, 42.55113636363637, 203.875, 89.625, 80.92261904761905, 40.30952380952381, 75.39541547277938, 80.93767908309455, 213.21052631578948, 231.6578947368421, 71.53902798232696, 76.720176730486
2024-06-16, 178, 8, 170, 1405, 38, 1367, 7547, 721, 6826, 113493, 8817, 104676, 15262, 1638, 13624, 105778, 8109, 97669, 85.74157303370787, 42.39887640449438, 204.75, 90.125, 80.14117647058823, 40.15294117647059, 75.28683274021353, 80.7779359430605, 213.39473684210526, 232.02631578947367, 71.44769568397952, 76.57351865398684
2024-07-16, 179, 8, 171, 1432, 38, 1394, 7525, 724, 6801, 113998, 8835, 105163, 15240, 1648, 13592, 106283, 8122, 98161, 85.13966480446928, 42.039106145251395, 206.0, 90.5, 79.48538011695906, 39.771929824561404, 74.21997206703911, 79.60754189944134, 213.73684210526315, 232.5, 70.4167862266858, 75.43974175035868
2024-08-15, 180, 8, 172, 1433, 38, 1395, 7588, 760, 6828, 114347, 8868, 105479, 15359, 1689, 13670, 106576, 8136, 98440, 85.32777777777778, 42.15555555555556, 211.125, 95.0, 79.47674418604652, 39.69767441860465, 74.37264480111654, 79.79553384508026, 214.10526315789474, 233.3684210526316, 70.5663082437276, 75.61218637992832
2024-09-14, 182, 8, 174, 1454, 38, 1416, 7680, 763, 6917, 116347, 8950, 107397, 15584, 1724, 13860, 108443, 8211, 100232, 85.62637362637362, 42.1978021978022, 215.5, 95.375, 79.65517241379311, 39.752873563218394, 74.58253094910592, 80.01856946354883, 216.07894736842104, 235.52631578947367, 70.78531073446328, 75.84533898305085
2024-10-14, 183, 8, 175, 1452, 38, 1414, 7724, 771, 6953, 116314, 8953, 107361, 15646, 1744, 13902, 108392, 8221, 100171, 85.49726775956285, 42.20765027322405, 218.0, 96.375, 79.44, 39.73142857142857, 74.65013774104683, 80.10606060606061, 216.3421052631579, 235.60526315789474, 70.84229137199434, 75.92715700141443
2024-11-13, 185, 8, 177, 1467, 38, 1429, 8182, 778, 7404, 118216, 9024, 109192, 16175, 1742, 14433, 110223, 8272, 101951, 87.43243243243244, 44.22702702702703, 217.75, 97.25, 81.54237288135593, 41.83050847457627, 75.13496932515338, 80.58350374914792, 217.68421052631578, 237.47368421052633, 71.3442967109867, 76.41147655703288
2024-12-13, 185, 8, 177, 1474, 38, 1436, 8199, 777, 7422, 118322, 9025, 109297, 16112, 1715, 14397, 110409, 8277, 102132, 87.09189189189189, 44.31891891891892, 214.375, 97.125, 81.33898305084746, 41.932203389830505, 74.90434192672998, 80.27272727272727, 217.81578947368422, 237.5, 71.12256267409471, 76.11211699164346
2025-01-13, 186, 8, 178, 1483, 38, 1445, 8310, 781, 7529, 119420, 9057, 110363, 16248, 1719, 14529, 111482, 8315, 103167, 87.35483870967742, 44.67741935483871, 214.875, 97.625, 81.62359550561797, 42.29775280898876, 75.17329737019556, 80.52596089008766, 218.81578947368422, 238.3421052631579, 71.39584775086506, 76.37577854671281
2025-02-12, 188, 8, 180, 1492, 38, 1454, 8331, 776, 7555, 120569, 9066, 111503, 16356, 1736, 14620, 112544, 8330, 104214, 87.0, 44.31382978723404, 217.0, 97.0, 81.22222222222223, 41.97222222222222, 75.43163538873995, 80.8103217158177, 219.21052631578948, 238.57894736842104, 71.67400275103164, 76.68707015130674
